[
  {
    "id": "sysco_labs_technologies_pvt_ltd",
    "name": "Sysco LABS Technologies (Pvt) Ltd",
    "job_roles": [
      {
        "id": "sysco_labs_technologies_pvt_ltd_software_engineer",
        "title": "Software Engineer",
        "company_id": "sysco_labs_technologies_pvt_ltd",
        "duration_minutes": 30
      }
    ],
    "panels": [],
    "availability_start": "09:00",
    "availability_end": "17:00",
    "num_panels": 1,
    "walk_in_open": false
  },
  {
    "id": "d_f_n_technology_pvt_ltd",
    "name": "D F N Technology Pvt Ltd",
    "job_roles": [
      {
        "id": "d_f_n_technology_pvt_ltd_software_engineer",
        "title": "Software Engineer",
        "company_id": "d_f_n_technology_pvt_ltd",
        "duration_minutes": 30
      },
      {
        "id": "d_f_n_technology_pvt_ltd_quality_assurance",
        "title": "Quality Assurance",
        "company_id": "d_f_n_technology_pvt_ltd",
        "duration_minutes": 30
      }
    ],
    "panels": [
      {
        "panel_id": "d_f_n_technology_pvt_ltd-P1",
        "label": "Panel 1 (Default)",
        "job_role_ids": [
          "d_f_n_technology_pvt_ltd_software_engineer",
          "d_f_n_technology_pvt_ltd_quality_assurance"
        ],
        "slot_duration_minutes": 30,
        "walk_in_open": false,
        "reserved_walkin_slots": 0
      }
    ],
    "availability_start": "09:00",
    "availability_end": "17:00",
    "num_panels": 1,
    "walk_in_open": false
  },
  {
    "id": "thomson_reuters",
    "name": "Thomson Reuters",
    "job_roles": [
      {
        "id": "thomson_reuters_software_engineer",
        "title": "Software Engineer",
        "company_id": "thomson_reuters",
        "duration_minutes": 30
      }
    ],
    "panels": [],
    "availability_start": "09:00",
    "availability_end": "17:00",
    "num_panels": 1,
    "walk_in_open": false
  },
  {
    "id": "avtrasoft_lanka_pvt_ltd",
    "name": "Avtrasoft Lanka (Pvt) Ltd",
    "job_roles": [
      {
        "id": "avtrasoft_lanka_pvt_ltd_software_engineer",
        "title": "Software Engineer",
        "company_id": "avtrasoft_lanka_pvt_ltd",
        "duration_minutes": 30
      },
      {
        "id": "avtrasoft_lanka_pvt_ltd_devops__support_engineer",
        "title": "DevOps / Support Engineer",
        "company_id": "avtrasoft_lanka_pvt_ltd",
        "duration_minutes": 30
      },
      {
        "id": "avtrasoft_lanka_pvt_ltd_system_adminstrator",
        "title": "System Adminstrator",
        "company_id": "avtrasoft_lanka_pvt_ltd",
        "duration_minutes": 30
      }
    ],
    "panels": [],
    "availability_start": "09:00",
    "availability_end": "17:00",
    "num_panels": 1,
    "walk_in_open": false
  },
  {
    "id": "adeona_technologies_private_limited",
    "name": "Adeona Technologies (Private) Limited",
    "job_roles": [
      {
        "id": "adeona_technologies_private_limited_software_engineer",
        "title": "Software Engineer",
        "company_id": "adeona_technologies_private_limited",
        "duration_minutes": 30
      },
      {
        "id": "adeona_technologies_private_limited_backend_dev",
        "title": "Backend Dev",
        "company_id": "adeona_technologies_private_limited",
        "duration_minutes": 30
      },
      {
        "id": "adeona_technologies_private_limited_aiml",
        "title": "AI/ML",
        "company_id": "adeona_technologies_private_limited",
        "duration_minutes": 30
      },
      {
        "id": "adeona_technologies_private_limited_frontend_dev",
        "title": "Frontend Dev",
        "company_id": "adeona_technologies_private_limited",
        "duration_minutes": 30
      },
      {
        "id": "adeona_technologies_private_limited_mobile_app_developers",
        "title": "Mobile App Developers",
        "company_id": "adeona_technologies_private_limited",
        "duration_minutes": 30
      }
    ],
    "panels": [],
    "availability_start": "09:00",
    "availability_end": "17:00",
    "num_panels": 1,
    "walk_in_open": false
  },
  {
    "id": "gtn_tech",
    "name": "GTN Tech",
    "job_roles": [
      {
        "id": "gtn_tech_software_engineer",
        "title": "Software Engineer",
        "company_id": "gtn_tech",
        "duration_minutes": 30
      },
      {
        "id": "gtn_tech_platform_engineer",
        "title": "Platform Engineer",
        "company_id": "gtn_tech",
        "duration_minutes": 30
      }
    ],
    "panels": [],
    "availability_start": "09:00",
    "availability_end": "17:00",
    "num_panels": 1,
    "walk_in_open": false
  },
  {
    "id": "enactor",
    "name": "Enactor",
    "job_roles": [
      {
        "id": "enactor_software_engineer",
        "title": "Software Engineer",
        "company_id": "enactor",
        "duration_minutes": 30
      }
    ],
    "panels": [],
    "availability_start": "09:00",
    "availability_end": "17:00",
    "num_panels": 1,
    "walk_in_open": false
  },
  {
    "id": "axiata_digital_labs",
    "name": "Axiata Digital Labs",
    "job_roles": [
      {
        "id": "axiata_digital_labs_software_engineer",
        "title": "Software Engineer",
        "company_id": "axiata_digital_labs",
        "duration_minutes": 30
      }
    ],
    "panels": [],
    "availability_start": "09:00",
    "availability_end": "17:00",
    "num_panels": 1,
    "walk_in_open": false
  },
  {
    "id": "wso2_lanka_pvt_ltd",
    "name": "WSO2 Lanka Pvt Ltd",
    "job_roles": [
      {
        "id": "wso2_lanka_pvt_ltd_customer_success",
        "title": "Customer Success",
        "company_id": "wso2_lanka_pvt_ltd",
        "duration_minutes": 30
      },
      {
        "id": "wso2_lanka_pvt_ltd_software_engineer",
        "title": "Software Engineer",
        "company_id": "wso2_lanka_pvt_ltd",
        "duration_minutes": 30
      },
      {
        "id": "wso2_lanka_pvt_ltd_digital_transformation",
        "title": "Digital Transformation",
        "company_id": "wso2_lanka_pvt_ltd",
        "duration_minutes": 30
      }
    ],
    "panels": [],
    "availability_start": "09:00",
    "availability_end": "17:00",
    "num_panels": 1,
    "walk_in_open": false
  },
  {
    "id": "octave",
    "name": "OCTAVE",
    "job_roles": [
      {
        "id": "octave_data_engineering",
        "title": "Data Engineering",
        "company_id": "octave",
        "duration_minutes": 30
      },
      {
        "id": "octave_machine_learning",
        "title": "Machine learning",
        "company_id": "octave",
        "duration_minutes": 30
      },
      {
        "id": "octave_software_engineer",
        "title": "Software Engineer",
        "company_id": "octave",
        "duration_minutes": 30
      },
      {
        "id": "octave_ai_engineeringfullstack",
        "title": "AI Engineering(Fullstack)",
        "company_id": "octave",
        "duration_minutes": 30
      },
      {
        "id": "octave_data_science",
        "title": "Data Science",
        "company_id": "octave",
        "duration_minutes": 30
      },
      {
        "id": "octave_aiml",
        "title": "AI/ML",
        "company_id": "octave",
        "duration_minutes": 30
      }
    ],
    "panels": [],
    "availability_start": "09:00",
    "availability_end": "17:00",
    "num_panels": 1,
    "walk_in_open": false
  },
  {
    "id": "villvay_systems_pvt_ltd",
    "name": "Villvay Systems Pvt Ltd.",
    "job_roles": [
      {
        "id": "villvay_systems_pvt_ltd_machine_learning_data_engineeringai",
        "title": "Machine Learning/ Data Engineering/AI",
        "company_id": "villvay_systems_pvt_ltd",
        "duration_minutes": 30
      },
      {
        "id": "villvay_systems_pvt_ltd_machine_learning",
        "title": "Machine learning",
        "company_id": "villvay_systems_pvt_ltd",
        "duration_minutes": 30
      },
      {
        "id": "villvay_systems_pvt_ltd_aiml",
        "title": "AI/ML",
        "company_id": "villvay_systems_pvt_ltd",
        "duration_minutes": 30
      },
      {
        "id": "villvay_systems_pvt_ltd_ai_engineering",
        "title": "AI Engineering",
        "company_id": "villvay_systems_pvt_ltd",
        "duration_minutes": 30
      }
    ],
    "panels": [],
    "availability_start": "09:00",
    "availability_end": "17:00",
    "num_panels": 1,
    "walk_in_open": false
  },
  {
    "id": "rhino_partners_pte_ltd",
    "name": "Rhino Partners PTE Ltd",
    "job_roles": [
      {
        "id": "rhino_partners_pte_ltd_ai_engineering",
        "title": "AI Engineering",
        "company_id": "rhino_partners_pte_ltd",
        "duration_minutes": 30
      },
      {
        "id": "rhino_partners_pte_ltd_data_science",
        "title": "Data Science",
        "company_id": "rhino_partners_pte_ltd",
        "duration_minutes": 30
      }
    ],
    "panels": [],
    "availability_start": "09:00",
    "availability_end": "17:00",
    "num_panels": 1,
    "walk_in_open": false
  },
  {
    "id": "cutdry_inc",
    "name": "Cut+Dry Inc.",
    "job_roles": [
      {
        "id": "cutdry_inc_aiml",
        "title": "AI/ML",
        "company_id": "cutdry_inc",
        "duration_minutes": 30
      },
      {
        "id": "cutdry_inc_software_engineer",
        "title": "Software Engineer",
        "company_id": "cutdry_inc",
        "duration_minutes": 30
      }
    ],
    "panels": [],
    "availability_start": "09:00",
    "availability_end": "17:00",
    "num_panels": 1,
    "walk_in_open": false
  },
  {
    "id": "creative_software",
    "name": "Creative Software",
    "job_roles": [
      {
        "id": "creative_software_software_engineer",
        "title": "Software Engineer",
        "company_id": "creative_software",
        "duration_minutes": 30
      }
    ],
    "panels": [],
    "availability_start": "09:00",
    "availability_end": "17:00",
    "num_panels": 1,
    "walk_in_open": false
  },
  {
    "id": "wia_systems_inc",
    "name": "WIA Systems Inc",
    "job_roles": [
      {
        "id": "wia_systems_inc_systems_engineer",
        "title": "Systems Engineer",
        "company_id": "wia_systems_inc",
        "duration_minutes": 30
      }
    ],
    "panels": [],
    "availability_start": "09:00",
    "availability_end": "17:00",
    "num_panels": 1,
    "walk_in_open": false
  }
]