[
  {
    "id": "INT-1",
    "student_id": "E20121",
    "company_id": "sysco_labs_technologies_pvt_ltd",
    "job_role_id": "sysco_labs_technologies_pvt_ltd_software_engineer",
    "panel_id": "default",
    "start_time": "2026-02-19T09:00:00",
    "end_time": "2026-02-19T09:30:00"
  },
  {
    "id": "INT-2",
    "student_id": "E20121",
    "company_id": "d_f_n_technology_pvt_ltd",
    "job_role_id": "d_f_n_technology_pvt_ltd_software_engineer",
    "panel_id": "d_f_n_technology_pvt_ltd-P1",
    "start_time": "2026-02-19T11:30:00",
    "end_time": "2026-02-19T12:00:00"
  },
  {
    "id": "INT-3",
    "student_id": "E20328",
    "company_id": "villvay_systems_pvt_ltd",
    "job_role_id": "villvay_systems_pvt_ltd_machine_learning_data_engineeringai",
    "panel_id": "default",
    "start_time": "2026-02-19T11:30:00",
    "end_time": "2026-02-19T12:00:00"
  },
  {
    "id": "INT-4",
    "student_id": "E20328",
    "company_id": "rhino_partners_pte_ltd",
    "job_role_id": "rhino_partners_pte_ltd_ai_engineering",
    "panel_id": "default",
    "start_time": "2026-02-19T13:00:00",
    "end_time": "2026-02-19T13:30:00"
  },
  {
    "id": "INT-5",
    "student_id": "E20093",
    "company_id": "rhino_partners_pte_ltd",
    "job_role_id": "rhino_partners_pte_ltd_ai_engineering",
    "panel_id": "default",
    "start_time": "2026-02-19T13:30:00",
    "end_time": "2026-02-19T14:00:00"
  },
  {
    "id": "INT-6",
    "student_id": "E20093",
    "company_id": "villvay_systems_pvt_ltd",
    "job_role_id": "villvay_systems_pvt_ltd_machine_learning_data_engineeringai",
    "panel_id": "default",
    "start_time": "2026-02-19T12:00:00",
    "end_time": "2026-02-19T12:30:00"
  },
  {
    "id": "INT-7",
    "student_id": "E20093",
    "company_id": "adeona_technologies_private_limited",
    "job_role_id": "adeona_technologies_private_limited_aiml",
    "panel_id": "default",
    "start_time": "2026-02-19T09:00:00",
    "end_time": "2026-02-19T09:30:00"
  },
  {
    "id": "INT-8",
    "student_id": "E20199",
    "company_id": "d_f_n_technology_pvt_ltd",
    "job_role_id": "d_f_n_technology_pvt_ltd_software_engineer",
    "panel_id": "d_f_n_technology_pvt_ltd-P1",
    "start_time": "2026-02-19T12:00:00",
    "end_time": "2026-02-19T12:30:00"
  },
  {
    "id": "INT-9",
    "student_id": "E20009",
    "company_id": "d_f_n_technology_pvt_ltd",
    "job_role_id": "d_f_n_technology_pvt_ltd_software_engineer",
    "panel_id": "d_f_n_technology_pvt_ltd-P1",
    "start_time": "2026-02-19T12:30:00",
    "end_time": "2026-02-19T13:00:00"
  },
  {
    "id": "INT-10",
    "student_id": "E20339",
    "company_id": "d_f_n_technology_pvt_ltd",
    "job_role_id": "d_f_n_technology_pvt_ltd_software_engineer",
    "panel_id": "d_f_n_technology_pvt_ltd-P1",
    "start_time": "2026-02-19T13:30:00",
    "end_time": "2026-02-19T14:00:00"
  },
  {
    "id": "INT-11",
    "student_id": "E20376",
    "company_id": "villvay_systems_pvt_ltd",
    "job_role_id": "villvay_systems_pvt_ltd_machine_learning_data_engineeringai",
    "panel_id": "default",
    "start_time": "2026-02-19T13:00:00",
    "end_time": "2026-02-19T13:30:00"
  },
  {
    "id": "INT-12",
    "student_id": "E20376",
    "company_id": "rhino_partners_pte_ltd",
    "job_role_id": "rhino_partners_pte_ltd_data_science",
    "panel_id": "default",
    "start_time": "2026-02-19T14:00:00",
    "end_time": "2026-02-19T14:30:00"
  },
  {
    "id": "INT-13",
    "student_id": "E20376",
    "company_id": "adeona_technologies_private_limited",
    "job_role_id": "adeona_technologies_private_limited_aiml",
    "panel_id": "default",
    "start_time": "2026-02-19T09:30:00",
    "end_time": "2026-02-19T10:00:00"
  },
  {
    "id": "INT-14",
    "student_id": "E20276",
    "company_id": "creative_software",
    "job_role_id": "creative_software_software_engineer",
    "panel_id": "default",
    "start_time": "2026-02-19T12:30:00",
    "end_time": "2026-02-19T13:00:00"
  },
  {
    "id": "INT-15",
    "student_id": "E20248",
    "company_id": "wia_systems_inc",
    "job_role_id": "wia_systems_inc_systems_engineer",
    "panel_id": "default",
    "start_time": "2026-02-19T10:00:00",
    "end_time": "2026-02-19T10:30:00"
  },
  {
    "id": "INT-16",
    "student_id": "E20049",
    "company_id": "wia_systems_inc",
    "job_role_id": "wia_systems_inc_systems_engineer",
    "panel_id": "default",
    "start_time": "2026-02-19T11:00:00",
    "end_time": "2026-02-19T11:30:00"
  },
  {
    "id": "INT-17",
    "student_id": "E20049",
    "company_id": "adeona_technologies_private_limited",
    "job_role_id": "adeona_technologies_private_limited_backend_dev",
    "panel_id": "default",
    "start_time": "2026-02-19T10:00:00",
    "end_time": "2026-02-19T10:30:00"
  },
  {
    "id": "INT-18",
    "student_id": "E20231",
    "company_id": "adeona_technologies_private_limited",
    "job_role_id": "adeona_technologies_private_limited_backend_dev",
    "panel_id": "default",
    "start_time": "2026-02-19T10:30:00",
    "end_time": "2026-02-19T11:00:00"
  },
  {
    "id": "INT-19",
    "student_id": "E20259",
    "company_id": "cutdry_inc",
    "job_role_id": "cutdry_inc_software_engineer",
    "panel_id": "default",
    "start_time": "2026-02-19T09:00:00",
    "end_time": "2026-02-19T09:30:00"
  },
  {
    "id": "INT-20",
    "student_id": "E20453",
    "company_id": "cutdry_inc",
    "job_role_id": "cutdry_inc_software_engineer",
    "panel_id": "default",
    "start_time": "2026-02-19T09:30:00",
    "end_time": "2026-02-19T10:00:00"
  },
  {
    "id": "INT-21",
    "student_id": "E20366",
    "company_id": "axiata_digital_labs",
    "job_role_id": "axiata_digital_labs_software_engineer",
    "panel_id": "default",
    "start_time": "2026-02-19T09:00:00",
    "end_time": "2026-02-19T09:30:00"
  },
  {
    "id": "INT-22",
    "student_id": "E20286",
    "company_id": "axiata_digital_labs",
    "job_role_id": "axiata_digital_labs_software_engineer",
    "panel_id": "default",
    "start_time": "2026-02-19T09:30:00",
    "end_time": "2026-02-19T10:00:00"
  },
  {
    "id": "INT-23",
    "student_id": "E20032",
    "company_id": "axiata_digital_labs",
    "job_role_id": "axiata_digital_labs_software_engineer",
    "panel_id": "default",
    "start_time": "2026-02-19T10:00:00",
    "end_time": "2026-02-19T10:30:00"
  },
  {
    "id": "INT-24",
    "student_id": "E20316",
    "company_id": "axiata_digital_labs",
    "job_role_id": "axiata_digital_labs_software_engineer",
    "panel_id": "default",
    "start_time": "2026-02-19T10:30:00",
    "end_time": "2026-02-19T11:00:00"
  },
  {
    "id": "INT-25",
    "student_id": "E20078",
    "company_id": "wia_systems_inc",
    "job_role_id": "wia_systems_inc_systems_engineer",
    "panel_id": "default",
    "start_time": "2026-02-19T10:30:00",
    "end_time": "2026-02-19T11:00:00"
  },
  {
    "id": "INT-26",
    "student_id": "E20078",
    "company_id": "axiata_digital_labs",
    "job_role_id": "axiata_digital_labs_software_engineer",
    "panel_id": "default",
    "start_time": "2026-02-19T11:00:00",
    "end_time": "2026-02-19T11:30:00"
  },
  {
    "id": "INT-27",
    "student_id": "E20054",
    "company_id": "cutdry_inc",
    "job_role_id": "cutdry_inc_aiml",
    "panel_id": "default",
    "start_time": "2026-02-19T10:00:00",
    "end_time": "2026-02-19T10:30:00"
  },
  {
    "id": "INT-28",
    "student_id": "E20054",
    "company_id": "villvay_systems_pvt_ltd",
    "job_role_id": "villvay_systems_pvt_ltd_machine_learning_data_engineeringai",
    "panel_id": "default",
    "start_time": "2026-02-19T12:30:00",
    "end_time": "2026-02-19T13:00:00"
  },
  {
    "id": "INT-29",
    "student_id": "E20054",
    "company_id": "rhino_partners_pte_ltd",
    "job_role_id": "rhino_partners_pte_ltd_data_science",
    "panel_id": "default",
    "start_time": "2026-02-19T14:30:00",
    "end_time": "2026-02-19T15:00:00"
  },
  {
    "id": "INT-30",
    "student_id": "E20054",
    "company_id": "adeona_technologies_private_limited",
    "job_role_id": "adeona_technologies_private_limited_aiml",
    "panel_id": "default",
    "start_time": "2026-02-19T11:00:00",
    "end_time": "2026-02-19T11:30:00"
  },
  {
    "id": "INT-31",
    "student_id": "E20054",
    "company_id": "creative_software",
    "job_role_id": "creative_software_software_engineer",
    "panel_id": "default",
    "start_time": "2026-02-19T13:00:00",
    "end_time": "2026-02-19T13:30:00"
  },
  {
    "id": "INT-32",
    "student_id": "E20242",
    "company_id": "cutdry_inc",
    "job_role_id": "cutdry_inc_software_engineer",
    "panel_id": "default",
    "start_time": "2026-02-19T10:30:00",
    "end_time": "2026-02-19T11:00:00"
  },
  {
    "id": "INT-33",
    "student_id": "E20242",
    "company_id": "d_f_n_technology_pvt_ltd",
    "job_role_id": "d_f_n_technology_pvt_ltd_software_engineer",
    "panel_id": "d_f_n_technology_pvt_ltd-P1",
    "start_time": "2026-02-19T13:00:00",
    "end_time": "2026-02-19T13:30:00"
  },
  {
    "id": "INT-34",
    "student_id": "E20242",
    "company_id": "axiata_digital_labs",
    "job_role_id": "axiata_digital_labs_software_engineer",
    "panel_id": "default",
    "start_time": "2026-02-19T12:00:00",
    "end_time": "2026-02-19T12:30:00"
  },
  {
    "id": "INT-35",
    "student_id": "E20242",
    "company_id": "creative_software",
    "job_role_id": "creative_software_software_engineer",
    "panel_id": "default",
    "start_time": "2026-02-19T13:30:00",
    "end_time": "2026-02-19T14:00:00"
  },
  {
    "id": "INT-36",
    "student_id": "E20133",
    "company_id": "cutdry_inc",
    "job_role_id": "cutdry_inc_software_engineer",
    "panel_id": "default",
    "start_time": "2026-02-19T11:00:00",
    "end_time": "2026-02-19T11:30:00"
  },
  {
    "id": "INT-37",
    "student_id": "E20133",
    "company_id": "creative_software",
    "job_role_id": "creative_software_software_engineer",
    "panel_id": "default",
    "start_time": "2026-02-19T14:00:00",
    "end_time": "2026-02-19T14:30:00"
  },
  {
    "id": "INT-38",
    "student_id": "E20378",
    "company_id": "octave",
    "job_role_id": "octave_software_engineer",
    "panel_id": "default",
    "start_time": "2026-02-19T09:30:00",
    "end_time": "2026-02-19T10:00:00"
  },
  {
    "id": "INT-39",
    "student_id": "E20378",
    "company_id": "creative_software",
    "job_role_id": "creative_software_software_engineer",
    "panel_id": "default",
    "start_time": "2026-02-19T14:30:00",
    "end_time": "2026-02-19T15:00:00"
  },
  {
    "id": "INT-40",
    "student_id": "E20037",
    "company_id": "cutdry_inc",
    "job_role_id": "cutdry_inc_software_engineer",
    "panel_id": "default",
    "start_time": "2026-02-19T11:30:00",
    "end_time": "2026-02-19T12:00:00"
  },
  {
    "id": "INT-41",
    "student_id": "E20037",
    "company_id": "thomson_reuters",
    "job_role_id": "thomson_reuters_software_engineer",
    "panel_id": "default",
    "start_time": "2026-02-19T09:00:00",
    "end_time": "2026-02-19T09:30:00"
  },
  {
    "id": "INT-42",
    "student_id": "E20037",
    "company_id": "creative_software",
    "job_role_id": "creative_software_software_engineer",
    "panel_id": "default",
    "start_time": "2026-02-19T15:00:00",
    "end_time": "2026-02-19T15:30:00"
  },
  {
    "id": "INT-43",
    "student_id": "E20439",
    "company_id": "d_f_n_technology_pvt_ltd",
    "job_role_id": "d_f_n_technology_pvt_ltd_quality_assurance",
    "panel_id": "d_f_n_technology_pvt_ltd-P1",
    "start_time": "2026-02-19T14:00:00",
    "end_time": "2026-02-19T14:30:00"
  },
  {
    "id": "INT-44",
    "student_id": "E20244",
    "company_id": "adeona_technologies_private_limited",
    "job_role_id": "adeona_technologies_private_limited_software_engineer",
    "panel_id": "default",
    "start_time": "2026-02-19T11:30:00",
    "end_time": "2026-02-19T12:00:00"
  },
  {
    "id": "INT-45",
    "student_id": "E20244",
    "company_id": "creative_software",
    "job_role_id": "creative_software_software_engineer",
    "panel_id": "default",
    "start_time": "2026-02-19T15:30:00",
    "end_time": "2026-02-19T16:00:00"
  },
  {
    "id": "INT-46",
    "student_id": "E20244",
    "company_id": "d_f_n_technology_pvt_ltd",
    "job_role_id": "d_f_n_technology_pvt_ltd_software_engineer",
    "panel_id": "d_f_n_technology_pvt_ltd-P1",
    "start_time": "2026-02-19T14:30:00",
    "end_time": "2026-02-19T15:00:00"
  },
  {
    "id": "INT-47",
    "student_id": "E20284",
    "company_id": "wia_systems_inc",
    "job_role_id": "wia_systems_inc_systems_engineer",
    "panel_id": "default",
    "start_time": "2026-02-19T11:30:00",
    "end_time": "2026-02-19T12:00:00"
  },
  {
    "id": "INT-48",
    "student_id": "E20284",
    "company_id": "d_f_n_technology_pvt_ltd",
    "job_role_id": "d_f_n_technology_pvt_ltd_software_engineer",
    "panel_id": "d_f_n_technology_pvt_ltd-P1",
    "start_time": "2026-02-19T15:00:00",
    "end_time": "2026-02-19T15:30:00"
  },
  {
    "id": "INT-49",
    "student_id": "E20271",
    "company_id": "octave",
    "job_role_id": "octave_ai_engineeringfullstack",
    "panel_id": "default",
    "start_time": "2026-02-19T09:00:00",
    "end_time": "2026-02-19T09:30:00"
  },
  {
    "id": "INT-50",
    "student_id": "E20271",
    "company_id": "thomson_reuters",
    "job_role_id": "thomson_reuters_software_engineer",
    "panel_id": "default",
    "start_time": "2026-02-19T09:30:00",
    "end_time": "2026-02-19T10:00:00"
  },
  {
    "id": "INT-51",
    "student_id": "E20271",
    "company_id": "d_f_n_technology_pvt_ltd",
    "job_role_id": "d_f_n_technology_pvt_ltd_software_engineer",
    "panel_id": "d_f_n_technology_pvt_ltd-P1",
    "start_time": "2026-02-19T15:30:00",
    "end_time": "2026-02-19T16:00:00"
  },
  {
    "id": "INT-52",
    "student_id": "E20381",
    "company_id": "d_f_n_technology_pvt_ltd",
    "job_role_id": "d_f_n_technology_pvt_ltd_software_engineer",
    "panel_id": "d_f_n_technology_pvt_ltd-P1",
    "start_time": "2026-02-19T16:00:00",
    "end_time": "2026-02-19T16:30:00"
  },
  {
    "id": "INT-53",
    "student_id": "E20381",
    "company_id": "axiata_digital_labs",
    "job_role_id": "axiata_digital_labs_software_engineer",
    "panel_id": "default",
    "start_time": "2026-02-19T11:30:00",
    "end_time": "2026-02-19T12:00:00"
  },
  {
    "id": "INT-54",
    "student_id": "E20381",
    "company_id": "adeona_technologies_private_limited",
    "job_role_id": "adeona_technologies_private_limited_frontend_dev",
    "panel_id": "default",
    "start_time": "2026-02-19T12:00:00",
    "end_time": "2026-02-19T12:30:00"
  },
  {
    "id": "INT-55",
    "student_id": "E20456",
    "company_id": "avtrasoft_lanka_pvt_ltd",
    "job_role_id": "avtrasoft_lanka_pvt_ltd_software_engineer",
    "panel_id": "default",
    "start_time": "2026-02-19T09:00:00",
    "end_time": "2026-02-19T09:30:00"
  },
  {
    "id": "INT-56",
    "student_id": "E20456",
    "company_id": "octave",
    "job_role_id": "octave_ai_engineeringfullstack",
    "panel_id": "default",
    "start_time": "2026-02-19T10:00:00",
    "end_time": "2026-02-19T10:30:00"
  },
  {
    "id": "INT-57",
    "student_id": "E20456",
    "company_id": "adeona_technologies_private_limited",
    "job_role_id": "adeona_technologies_private_limited_backend_dev",
    "panel_id": "default",
    "start_time": "2026-02-19T12:30:00",
    "end_time": "2026-02-19T13:00:00"
  },
  {
    "id": "INT-58",
    "student_id": "E20055",
    "company_id": "thomson_reuters",
    "job_role_id": "thomson_reuters_software_engineer",
    "panel_id": "default",
    "start_time": "2026-02-19T10:00:00",
    "end_time": "2026-02-19T10:30:00"
  },
  {
    "id": "INT-59",
    "student_id": "E20055",
    "company_id": "octave",
    "job_role_id": "octave_software_engineer",
    "panel_id": "default",
    "start_time": "2026-02-19T10:30:00",
    "end_time": "2026-02-19T11:00:00"
  },
  {
    "id": "INT-60",
    "student_id": "E20055",
    "company_id": "avtrasoft_lanka_pvt_ltd",
    "job_role_id": "avtrasoft_lanka_pvt_ltd_devops__support_engineer",
    "panel_id": "default",
    "start_time": "2026-02-19T09:30:00",
    "end_time": "2026-02-19T10:00:00"
  },
  {
    "id": "INT-61",
    "student_id": "E20062",
    "company_id": "sysco_labs_technologies_pvt_ltd",
    "job_role_id": "sysco_labs_technologies_pvt_ltd_software_engineer",
    "panel_id": "default",
    "start_time": "2026-02-19T09:30:00",
    "end_time": "2026-02-19T10:00:00"
  },
  {
    "id": "INT-62",
    "student_id": "E20062",
    "company_id": "avtrasoft_lanka_pvt_ltd",
    "job_role_id": "avtrasoft_lanka_pvt_ltd_software_engineer",
    "panel_id": "default",
    "start_time": "2026-02-19T10:00:00",
    "end_time": "2026-02-19T10:30:00"
  },
  {
    "id": "INT-63",
    "student_id": "E20367",
    "company_id": "cutdry_inc",
    "job_role_id": "cutdry_inc_software_engineer",
    "panel_id": "default",
    "start_time": "2026-02-19T12:00:00",
    "end_time": "2026-02-19T12:30:00"
  },
  {
    "id": "INT-64",
    "student_id": "E20367",
    "company_id": "d_f_n_technology_pvt_ltd",
    "job_role_id": "d_f_n_technology_pvt_ltd_software_engineer",
    "panel_id": "d_f_n_technology_pvt_ltd-P1",
    "start_time": "2026-02-19T16:30:00",
    "end_time": "2026-02-19T17:00:00"
  },
  {
    "id": "INT-65",
    "student_id": "E20367",
    "company_id": "axiata_digital_labs",
    "job_role_id": "axiata_digital_labs_software_engineer",
    "panel_id": "default",
    "start_time": "2026-02-19T12:30:00",
    "end_time": "2026-02-19T13:00:00"
  },
  {
    "id": "INT-66",
    "student_id": "E20100",
    "company_id": "sysco_labs_technologies_pvt_ltd",
    "job_role_id": "sysco_labs_technologies_pvt_ltd_software_engineer",
    "panel_id": "default",
    "start_time": "2026-02-19T10:30:00",
    "end_time": "2026-02-19T11:00:00"
  },
  {
    "id": "INT-67",
    "student_id": "E20100",
    "company_id": "axiata_digital_labs",
    "job_role_id": "axiata_digital_labs_software_engineer",
    "panel_id": "default",
    "start_time": "2026-02-19T13:00:00",
    "end_time": "2026-02-19T13:30:00"
  },
  {
    "id": "INT-68",
    "student_id": "E19174",
    "company_id": "adeona_technologies_private_limited",
    "job_role_id": "adeona_technologies_private_limited_mobile_app_developers",
    "panel_id": "default",
    "start_time": "2026-02-19T13:00:00",
    "end_time": "2026-02-19T13:30:00"
  },
  {
    "id": "INT-69",
    "student_id": "E19174",
    "company_id": "avtrasoft_lanka_pvt_ltd",
    "job_role_id": "avtrasoft_lanka_pvt_ltd_software_engineer",
    "panel_id": "default",
    "start_time": "2026-02-19T10:30:00",
    "end_time": "2026-02-19T11:00:00"
  },
  {
    "id": "INT-70",
    "student_id": "E19174",
    "company_id": "axiata_digital_labs",
    "job_role_id": "axiata_digital_labs_software_engineer",
    "panel_id": "default",
    "start_time": "2026-02-19T13:30:00",
    "end_time": "2026-02-19T14:00:00"
  },
  {
    "id": "INT-71",
    "student_id": "E19174",
    "company_id": "creative_software",
    "job_role_id": "creative_software_software_engineer",
    "panel_id": "default",
    "start_time": "2026-02-19T16:30:00",
    "end_time": "2026-02-19T17:00:00"
  },
  {
    "id": "INT-72",
    "student_id": "E19174",
    "company_id": "enactor",
    "job_role_id": "enactor_software_engineer",
    "panel_id": "default",
    "start_time": "2026-02-19T09:00:00",
    "end_time": "2026-02-19T09:30:00"
  },
  {
    "id": "INT-73",
    "student_id": "E20197",
    "company_id": "cutdry_inc",
    "job_role_id": "cutdry_inc_software_engineer",
    "panel_id": "default",
    "start_time": "2026-02-19T12:30:00",
    "end_time": "2026-02-19T13:00:00"
  },
  {
    "id": "INT-74",
    "student_id": "E20197",
    "company_id": "sysco_labs_technologies_pvt_ltd",
    "job_role_id": "sysco_labs_technologies_pvt_ltd_software_engineer",
    "panel_id": "default",
    "start_time": "2026-02-19T10:00:00",
    "end_time": "2026-02-19T10:30:00"
  },
  {
    "id": "INT-75",
    "student_id": "E20197",
    "company_id": "axiata_digital_labs",
    "job_role_id": "axiata_digital_labs_software_engineer",
    "panel_id": "default",
    "start_time": "2026-02-19T14:00:00",
    "end_time": "2026-02-19T14:30:00"
  },
  {
    "id": "INT-76",
    "student_id": "E20197",
    "company_id": "thomson_reuters",
    "job_role_id": "thomson_reuters_software_engineer",
    "panel_id": "default",
    "start_time": "2026-02-19T10:30:00",
    "end_time": "2026-02-19T11:00:00"
  },
  {
    "id": "INT-77",
    "student_id": "E20197",
    "company_id": "enactor",
    "job_role_id": "enactor_software_engineer",
    "panel_id": "default",
    "start_time": "2026-02-19T09:30:00",
    "end_time": "2026-02-19T10:00:00"
  },
  {
    "id": "INT-78",
    "student_id": "E20094",
    "company_id": "sysco_labs_technologies_pvt_ltd",
    "job_role_id": "sysco_labs_technologies_pvt_ltd_software_engineer",
    "panel_id": "default",
    "start_time": "2026-02-19T11:30:00",
    "end_time": "2026-02-19T12:00:00"
  },
  {
    "id": "INT-79",
    "student_id": "E20094",
    "company_id": "cutdry_inc",
    "job_role_id": "cutdry_inc_aiml",
    "panel_id": "default",
    "start_time": "2026-02-19T13:00:00",
    "end_time": "2026-02-19T13:30:00"
  },
  {
    "id": "INT-80",
    "student_id": "E20094",
    "company_id": "thomson_reuters",
    "job_role_id": "thomson_reuters_software_engineer",
    "panel_id": "default",
    "start_time": "2026-02-19T11:00:00",
    "end_time": "2026-02-19T11:30:00"
  },
  {
    "id": "INT-81",
    "student_id": "E20094",
    "company_id": "enactor",
    "job_role_id": "enactor_software_engineer",
    "panel_id": "default",
    "start_time": "2026-02-19T10:00:00",
    "end_time": "2026-02-19T10:30:00"
  },
  {
    "id": "INT-82",
    "student_id": "E20179",
    "company_id": "wso2_lanka_pvt_ltd",
    "job_role_id": "wso2_lanka_pvt_ltd_software_engineer",
    "panel_id": "default",
    "start_time": "2026-02-19T09:00:00",
    "end_time": "2026-02-19T09:30:00"
  },
  {
    "id": "INT-83",
    "student_id": "E20179",
    "company_id": "sysco_labs_technologies_pvt_ltd",
    "job_role_id": "sysco_labs_technologies_pvt_ltd_software_engineer",
    "panel_id": "default",
    "start_time": "2026-02-19T11:00:00",
    "end_time": "2026-02-19T11:30:00"
  },
  {
    "id": "INT-84",
    "student_id": "E20179",
    "company_id": "thomson_reuters",
    "job_role_id": "thomson_reuters_software_engineer",
    "panel_id": "default",
    "start_time": "2026-02-19T11:30:00",
    "end_time": "2026-02-19T12:00:00"
  },
  {
    "id": "INT-85",
    "student_id": "E20179",
    "company_id": "enactor",
    "job_role_id": "enactor_software_engineer",
    "panel_id": "default",
    "start_time": "2026-02-19T10:30:00",
    "end_time": "2026-02-19T11:00:00"
  },
  {
    "id": "INT-86",
    "student_id": "E20342",
    "company_id": "wso2_lanka_pvt_ltd",
    "job_role_id": "wso2_lanka_pvt_ltd_customer_success",
    "panel_id": "default",
    "start_time": "2026-02-19T09:30:00",
    "end_time": "2026-02-19T10:00:00"
  },
  {
    "id": "INT-87",
    "student_id": "E20342",
    "company_id": "axiata_digital_labs",
    "job_role_id": "axiata_digital_labs_software_engineer",
    "panel_id": "default",
    "start_time": "2026-02-19T14:30:00",
    "end_time": "2026-02-19T15:00:00"
  },
  {
    "id": "INT-88",
    "student_id": "E20342",
    "company_id": "wia_systems_inc",
    "job_role_id": "wia_systems_inc_systems_engineer",
    "panel_id": "default",
    "start_time": "2026-02-19T12:00:00",
    "end_time": "2026-02-19T12:30:00"
  },
  {
    "id": "INT-89",
    "student_id": "E20342",
    "company_id": "enactor",
    "job_role_id": "enactor_software_engineer",
    "panel_id": "default",
    "start_time": "2026-02-19T11:00:00",
    "end_time": "2026-02-19T11:30:00"
  },
  {
    "id": "INT-90",
    "student_id": "E20168",
    "company_id": "gtn_tech",
    "job_role_id": "gtn_tech_platform_engineer",
    "panel_id": "default",
    "start_time": "2026-02-19T09:00:00",
    "end_time": "2026-02-19T09:30:00"
  },
  {
    "id": "INT-91",
    "student_id": "E20168",
    "company_id": "sysco_labs_technologies_pvt_ltd",
    "job_role_id": "sysco_labs_technologies_pvt_ltd_software_engineer",
    "panel_id": "default",
    "start_time": "2026-02-19T12:00:00",
    "end_time": "2026-02-19T12:30:00"
  },
  {
    "id": "INT-92",
    "student_id": "E20168",
    "company_id": "cutdry_inc",
    "job_role_id": "cutdry_inc_software_engineer",
    "panel_id": "default",
    "start_time": "2026-02-19T13:30:00",
    "end_time": "2026-02-19T14:00:00"
  },
  {
    "id": "INT-93",
    "student_id": "E20168",
    "company_id": "wia_systems_inc",
    "job_role_id": "wia_systems_inc_systems_engineer",
    "panel_id": "default",
    "start_time": "2026-02-19T12:30:00",
    "end_time": "2026-02-19T13:00:00"
  },
  {
    "id": "INT-94",
    "student_id": "E20168",
    "company_id": "enactor",
    "job_role_id": "enactor_software_engineer",
    "panel_id": "default",
    "start_time": "2026-02-19T11:30:00",
    "end_time": "2026-02-19T12:00:00"
  },
  {
    "id": "INT-95",
    "student_id": "E20089",
    "company_id": "gtn_tech",
    "job_role_id": "gtn_tech_software_engineer",
    "panel_id": "default",
    "start_time": "2026-02-19T09:30:00",
    "end_time": "2026-02-19T10:00:00"
  },
  {
    "id": "INT-96",
    "student_id": "E20089",
    "company_id": "wso2_lanka_pvt_ltd",
    "job_role_id": "wso2_lanka_pvt_ltd_digital_transformation",
    "panel_id": "default",
    "start_time": "2026-02-19T10:00:00",
    "end_time": "2026-02-19T10:30:00"
  },
  {
    "id": "INT-97",
    "student_id": "E20089",
    "company_id": "sysco_labs_technologies_pvt_ltd",
    "job_role_id": "sysco_labs_technologies_pvt_ltd_software_engineer",
    "panel_id": "default",
    "start_time": "2026-02-19T13:00:00",
    "end_time": "2026-02-19T13:30:00"
  },
  {
    "id": "INT-98",
    "student_id": "E20089",
    "company_id": "wia_systems_inc",
    "job_role_id": "wia_systems_inc_systems_engineer",
    "panel_id": "default",
    "start_time": "2026-02-19T13:30:00",
    "end_time": "2026-02-19T14:00:00"
  },
  {
    "id": "INT-99",
    "student_id": "E20089",
    "company_id": "enactor",
    "job_role_id": "enactor_software_engineer",
    "panel_id": "default",
    "start_time": "2026-02-19T12:00:00",
    "end_time": "2026-02-19T12:30:00"
  },
  {
    "id": "INT-100",
    "student_id": "E20371",
    "company_id": "wso2_lanka_pvt_ltd",
    "job_role_id": "wso2_lanka_pvt_ltd_software_engineer",
    "panel_id": "default",
    "start_time": "2026-02-19T10:30:00",
    "end_time": "2026-02-19T11:00:00"
  },
  {
    "id": "INT-101",
    "student_id": "E20371",
    "company_id": "gtn_tech",
    "job_role_id": "gtn_tech_software_engineer",
    "panel_id": "default",
    "start_time": "2026-02-19T10:00:00",
    "end_time": "2026-02-19T10:30:00"
  },
  {
    "id": "INT-102",
    "student_id": "E20371",
    "company_id": "cutdry_inc",
    "job_role_id": "cutdry_inc_software_engineer",
    "panel_id": "default",
    "start_time": "2026-02-19T14:00:00",
    "end_time": "2026-02-19T14:30:00"
  },
  {
    "id": "INT-103",
    "student_id": "E20371",
    "company_id": "avtrasoft_lanka_pvt_ltd",
    "job_role_id": "avtrasoft_lanka_pvt_ltd_software_engineer",
    "panel_id": "default",
    "start_time": "2026-02-19T11:30:00",
    "end_time": "2026-02-19T12:00:00"
  },
  {
    "id": "INT-104",
    "student_id": "E20371",
    "company_id": "octave",
    "job_role_id": "octave_software_engineer",
    "panel_id": "default",
    "start_time": "2026-02-19T11:00:00",
    "end_time": "2026-02-19T11:30:00"
  },
  {
    "id": "INT-105",
    "student_id": "E20350",
    "company_id": "sysco_labs_technologies_pvt_ltd",
    "job_role_id": "sysco_labs_technologies_pvt_ltd_software_engineer",
    "panel_id": "default",
    "start_time": "2026-02-19T15:30:00",
    "end_time": "2026-02-19T16:00:00"
  },
  {
    "id": "INT-106",
    "student_id": "E20350",
    "company_id": "adeona_technologies_private_limited",
    "job_role_id": "adeona_technologies_private_limited_frontend_dev",
    "panel_id": "default",
    "start_time": "2026-02-19T13:30:00",
    "end_time": "2026-02-19T14:00:00"
  },
  {
    "id": "INT-107",
    "student_id": "E20350",
    "company_id": "enactor",
    "job_role_id": "enactor_software_engineer",
    "panel_id": "default",
    "start_time": "2026-02-19T12:30:00",
    "end_time": "2026-02-19T13:00:00"
  },
  {
    "id": "INT-108",
    "student_id": "E20350",
    "company_id": "avtrasoft_lanka_pvt_ltd",
    "job_role_id": "avtrasoft_lanka_pvt_ltd_software_engineer",
    "panel_id": "default",
    "start_time": "2026-02-19T11:00:00",
    "end_time": "2026-02-19T11:30:00"
  },
  {
    "id": "INT-109",
    "student_id": "E20350",
    "company_id": "octave",
    "job_role_id": "octave_ai_engineeringfullstack",
    "panel_id": "default",
    "start_time": "2026-02-19T11:30:00",
    "end_time": "2026-02-19T12:00:00"
  },
  {
    "id": "INT-110",
    "student_id": "E20377",
    "company_id": "gtn_tech",
    "job_role_id": "gtn_tech_software_engineer",
    "panel_id": "default",
    "start_time": "2026-02-19T10:30:00",
    "end_time": "2026-02-19T11:00:00"
  },
  {
    "id": "INT-111",
    "student_id": "E20377",
    "company_id": "wso2_lanka_pvt_ltd",
    "job_role_id": "wso2_lanka_pvt_ltd_software_engineer",
    "panel_id": "default",
    "start_time": "2026-02-19T11:00:00",
    "end_time": "2026-02-19T11:30:00"
  },
  {
    "id": "INT-112",
    "student_id": "E20377",
    "company_id": "adeona_technologies_private_limited",
    "job_role_id": "adeona_technologies_private_limited_frontend_dev",
    "panel_id": "default",
    "start_time": "2026-02-19T14:00:00",
    "end_time": "2026-02-19T14:30:00"
  },
  {
    "id": "INT-113",
    "student_id": "E20377",
    "company_id": "axiata_digital_labs",
    "job_role_id": "axiata_digital_labs_software_engineer",
    "panel_id": "default",
    "start_time": "2026-02-19T15:00:00",
    "end_time": "2026-02-19T15:30:00"
  },
  {
    "id": "INT-114",
    "student_id": "E20377",
    "company_id": "octave",
    "job_role_id": "octave_software_engineer",
    "panel_id": "default",
    "start_time": "2026-02-19T12:00:00",
    "end_time": "2026-02-19T12:30:00"
  },
  {
    "id": "INT-115",
    "student_id": "E20404",
    "company_id": "gtn_tech",
    "job_role_id": "gtn_tech_software_engineer",
    "panel_id": "default",
    "start_time": "2026-02-19T11:30:00",
    "end_time": "2026-02-19T12:00:00"
  },
  {
    "id": "INT-116",
    "student_id": "E20404",
    "company_id": "sysco_labs_technologies_pvt_ltd",
    "job_role_id": "sysco_labs_technologies_pvt_ltd_software_engineer",
    "panel_id": "default",
    "start_time": "2026-02-19T13:30:00",
    "end_time": "2026-02-19T14:00:00"
  },
  {
    "id": "INT-117",
    "student_id": "E20404",
    "company_id": "axiata_digital_labs",
    "job_role_id": "axiata_digital_labs_software_engineer",
    "panel_id": "default",
    "start_time": "2026-02-19T15:30:00",
    "end_time": "2026-02-19T16:00:00"
  },
  {
    "id": "INT-118",
    "student_id": "E20404",
    "company_id": "enactor",
    "job_role_id": "enactor_software_engineer",
    "panel_id": "default",
    "start_time": "2026-02-19T13:00:00",
    "end_time": "2026-02-19T13:30:00"
  },
  {
    "id": "INT-119",
    "student_id": "E20404",
    "company_id": "octave",
    "job_role_id": "octave_software_engineer",
    "panel_id": "default",
    "start_time": "2026-02-19T12:30:00",
    "end_time": "2026-02-19T13:00:00"
  },
  {
    "id": "INT-120",
    "student_id": "E20346",
    "company_id": "villvay_systems_pvt_ltd",
    "job_role_id": "villvay_systems_pvt_ltd_machine_learning_data_engineeringai",
    "panel_id": "default",
    "start_time": "2026-02-19T13:30:00",
    "end_time": "2026-02-19T14:00:00"
  },
  {
    "id": "INT-121",
    "student_id": "E20346",
    "company_id": "adeona_technologies_private_limited",
    "job_role_id": "adeona_technologies_private_limited_aiml",
    "panel_id": "default",
    "start_time": "2026-02-19T14:30:00",
    "end_time": "2026-02-19T15:00:00"
  },
  {
    "id": "INT-122",
    "student_id": "E20346",
    "company_id": "rhino_partners_pte_ltd",
    "job_role_id": "rhino_partners_pte_ltd_ai_engineering",
    "panel_id": "default",
    "start_time": "2026-02-19T15:00:00",
    "end_time": "2026-02-19T15:30:00"
  },
  {
    "id": "INT-123",
    "student_id": "E20346",
    "company_id": "octave",
    "job_role_id": "octave_machine_learning",
    "panel_id": "default",
    "start_time": "2026-02-19T13:00:00",
    "end_time": "2026-02-19T13:30:00"
  },
  {
    "id": "INT-124",
    "student_id": "E20189",
    "company_id": "sysco_labs_technologies_pvt_ltd",
    "job_role_id": "sysco_labs_technologies_pvt_ltd_software_engineer",
    "panel_id": "default",
    "start_time": "2026-02-19T12:30:00",
    "end_time": "2026-02-19T13:00:00"
  },
  {
    "id": "INT-125",
    "student_id": "E20189",
    "company_id": "wso2_lanka_pvt_ltd",
    "job_role_id": "wso2_lanka_pvt_ltd_digital_transformation",
    "panel_id": "default",
    "start_time": "2026-02-19T12:00:00",
    "end_time": "2026-02-19T12:30:00"
  },
  {
    "id": "INT-126",
    "student_id": "E20189",
    "company_id": "wia_systems_inc",
    "job_role_id": "wia_systems_inc_systems_engineer",
    "panel_id": "default",
    "start_time": "2026-02-19T13:00:00",
    "end_time": "2026-02-19T13:30:00"
  },
  {
    "id": "INT-127",
    "student_id": "E20189",
    "company_id": "rhino_partners_pte_ltd",
    "job_role_id": "rhino_partners_pte_ltd_ai_engineering",
    "panel_id": "default",
    "start_time": "2026-02-19T15:30:00",
    "end_time": "2026-02-19T16:00:00"
  },
  {
    "id": "INT-128",
    "student_id": "E20189",
    "company_id": "octave",
    "job_role_id": "octave_machine_learning",
    "panel_id": "default",
    "start_time": "2026-02-19T13:30:00",
    "end_time": "2026-02-19T14:00:00"
  },
  {
    "id": "INT-129",
    "student_id": "E20087",
    "company_id": "sysco_labs_technologies_pvt_ltd",
    "job_role_id": "sysco_labs_technologies_pvt_ltd_software_engineer",
    "panel_id": "default",
    "start_time": "2026-02-19T16:00:00",
    "end_time": "2026-02-19T16:30:00"
  },
  {
    "id": "INT-130",
    "student_id": "E20087",
    "company_id": "gtn_tech",
    "job_role_id": "gtn_tech_software_engineer",
    "panel_id": "default",
    "start_time": "2026-02-19T12:30:00",
    "end_time": "2026-02-19T13:00:00"
  },
  {
    "id": "INT-131",
    "student_id": "E20087",
    "company_id": "enactor",
    "job_role_id": "enactor_software_engineer",
    "panel_id": "default",
    "start_time": "2026-02-19T13:30:00",
    "end_time": "2026-02-19T14:00:00"
  },
  {
    "id": "INT-132",
    "student_id": "E20087",
    "company_id": "thomson_reuters",
    "job_role_id": "thomson_reuters_software_engineer",
    "panel_id": "default",
    "start_time": "2026-02-19T12:00:00",
    "end_time": "2026-02-19T12:30:00"
  },
  {
    "id": "INT-133",
    "student_id": "E20087",
    "company_id": "octave",
    "job_role_id": "octave_software_engineer",
    "panel_id": "default",
    "start_time": "2026-02-19T14:00:00",
    "end_time": "2026-02-19T14:30:00"
  },
  {
    "id": "INT-134",
    "student_id": "E20434",
    "company_id": "gtn_tech",
    "job_role_id": "gtn_tech_software_engineer",
    "panel_id": "default",
    "start_time": "2026-02-19T11:00:00",
    "end_time": "2026-02-19T11:30:00"
  },
  {
    "id": "INT-135",
    "student_id": "E20434",
    "company_id": "wso2_lanka_pvt_ltd",
    "job_role_id": "wso2_lanka_pvt_ltd_digital_transformation",
    "panel_id": "default",
    "start_time": "2026-02-19T11:30:00",
    "end_time": "2026-02-19T12:00:00"
  },
  {
    "id": "INT-136",
    "student_id": "E20434",
    "company_id": "avtrasoft_lanka_pvt_ltd",
    "job_role_id": "avtrasoft_lanka_pvt_ltd_software_engineer",
    "panel_id": "default",
    "start_time": "2026-02-19T12:00:00",
    "end_time": "2026-02-19T12:30:00"
  },
  {
    "id": "INT-137",
    "student_id": "E20434",
    "company_id": "enactor",
    "job_role_id": "enactor_software_engineer",
    "panel_id": "default",
    "start_time": "2026-02-19T14:00:00",
    "end_time": "2026-02-19T14:30:00"
  },
  {
    "id": "INT-138",
    "student_id": "E20434",
    "company_id": "thomson_reuters",
    "job_role_id": "thomson_reuters_software_engineer",
    "panel_id": "default",
    "start_time": "2026-02-19T12:30:00",
    "end_time": "2026-02-19T13:00:00"
  },
  {
    "id": "INT-139",
    "student_id": "E20243",
    "company_id": "gtn_tech",
    "job_role_id": "gtn_tech_software_engineer",
    "panel_id": "default",
    "start_time": "2026-02-19T12:00:00",
    "end_time": "2026-02-19T12:30:00"
  },
  {
    "id": "INT-140",
    "student_id": "E20243",
    "company_id": "wso2_lanka_pvt_ltd",
    "job_role_id": "wso2_lanka_pvt_ltd_digital_transformation",
    "panel_id": "default",
    "start_time": "2026-02-19T12:30:00",
    "end_time": "2026-02-19T13:00:00"
  },
  {
    "id": "INT-141",
    "student_id": "E20243",
    "company_id": "axiata_digital_labs",
    "job_role_id": "axiata_digital_labs_software_engineer",
    "panel_id": "default",
    "start_time": "2026-02-19T16:00:00",
    "end_time": "2026-02-19T16:30:00"
  },
  {
    "id": "INT-142",
    "student_id": "E20243",
    "company_id": "enactor",
    "job_role_id": "enactor_software_engineer",
    "panel_id": "default",
    "start_time": "2026-02-19T14:30:00",
    "end_time": "2026-02-19T15:00:00"
  },
  {
    "id": "INT-143",
    "student_id": "E20243",
    "company_id": "thomson_reuters",
    "job_role_id": "thomson_reuters_software_engineer",
    "panel_id": "default",
    "start_time": "2026-02-19T13:00:00",
    "end_time": "2026-02-19T13:30:00"
  },
  {
    "id": "INT-144",
    "student_id": "E20365",
    "company_id": "wso2_lanka_pvt_ltd",
    "job_role_id": "wso2_lanka_pvt_ltd_software_engineer",
    "panel_id": "default",
    "start_time": "2026-02-19T13:00:00",
    "end_time": "2026-02-19T13:30:00"
  },
  {
    "id": "INT-145",
    "student_id": "E20365",
    "company_id": "sysco_labs_technologies_pvt_ltd",
    "job_role_id": "sysco_labs_technologies_pvt_ltd_software_engineer",
    "panel_id": "default",
    "start_time": "2026-02-19T16:30:00",
    "end_time": "2026-02-19T17:00:00"
  },
  {
    "id": "INT-146",
    "student_id": "E20365",
    "company_id": "gtn_tech",
    "job_role_id": "gtn_tech_software_engineer",
    "panel_id": "default",
    "start_time": "2026-02-19T14:30:00",
    "end_time": "2026-02-19T15:00:00"
  },
  {
    "id": "INT-147",
    "student_id": "E20365",
    "company_id": "enactor",
    "job_role_id": "enactor_software_engineer",
    "panel_id": "default",
    "start_time": "2026-02-19T15:00:00",
    "end_time": "2026-02-19T15:30:00"
  },
  {
    "id": "INT-148",
    "student_id": "E20365",
    "company_id": "thomson_reuters",
    "job_role_id": "thomson_reuters_software_engineer",
    "panel_id": "default",
    "start_time": "2026-02-19T13:30:00",
    "end_time": "2026-02-19T14:00:00"
  },
  {
    "id": "INT-149",
    "student_id": "E20211",
    "company_id": "cutdry_inc",
    "job_role_id": "cutdry_inc_software_engineer",
    "panel_id": "default",
    "start_time": "2026-02-19T16:30:00",
    "end_time": "2026-02-19T17:00:00"
  },
  {
    "id": "INT-150",
    "student_id": "E20211",
    "company_id": "gtn_tech",
    "job_role_id": "gtn_tech_software_engineer",
    "panel_id": "default",
    "start_time": "2026-02-19T13:00:00",
    "end_time": "2026-02-19T13:30:00"
  },
  {
    "id": "INT-151",
    "student_id": "E20211",
    "company_id": "wia_systems_inc",
    "job_role_id": "wia_systems_inc_systems_engineer",
    "panel_id": "default",
    "start_time": "2026-02-19T14:30:00",
    "end_time": "2026-02-19T15:00:00"
  },
  {
    "id": "INT-152",
    "student_id": "E20211",
    "company_id": "enactor",
    "job_role_id": "enactor_software_engineer",
    "panel_id": "default",
    "start_time": "2026-02-19T15:30:00",
    "end_time": "2026-02-19T16:00:00"
  },
  {
    "id": "INT-153",
    "student_id": "E20211",
    "company_id": "thomson_reuters",
    "job_role_id": "thomson_reuters_software_engineer",
    "panel_id": "default",
    "start_time": "2026-02-19T14:00:00",
    "end_time": "2026-02-19T14:30:00"
  },
  {
    "id": "INT-154",
    "student_id": "E20419",
    "company_id": "wso2_lanka_pvt_ltd",
    "job_role_id": "wso2_lanka_pvt_ltd_software_engineer",
    "panel_id": "default",
    "start_time": "2026-02-19T15:00:00",
    "end_time": "2026-02-19T15:30:00"
  },
  {
    "id": "INT-155",
    "student_id": "E20419",
    "company_id": "avtrasoft_lanka_pvt_ltd",
    "job_role_id": "avtrasoft_lanka_pvt_ltd_devops__support_engineer",
    "panel_id": "default",
    "start_time": "2026-02-19T12:30:00",
    "end_time": "2026-02-19T13:00:00"
  },
  {
    "id": "INT-156",
    "student_id": "E20419",
    "company_id": "wia_systems_inc",
    "job_role_id": "wia_systems_inc_systems_engineer",
    "panel_id": "default",
    "start_time": "2026-02-19T14:00:00",
    "end_time": "2026-02-19T14:30:00"
  },
  {
    "id": "INT-157",
    "student_id": "E20419",
    "company_id": "octave",
    "job_role_id": "octave_software_engineer",
    "panel_id": "default",
    "start_time": "2026-02-19T16:00:00",
    "end_time": "2026-02-19T16:30:00"
  },
  {
    "id": "INT-158",
    "student_id": "E20419",
    "company_id": "thomson_reuters",
    "job_role_id": "thomson_reuters_software_engineer",
    "panel_id": "default",
    "start_time": "2026-02-19T14:30:00",
    "end_time": "2026-02-19T15:00:00"
  },
  {
    "id": "INT-159",
    "student_id": "E20122",
    "company_id": "gtn_tech",
    "job_role_id": "gtn_tech_platform_engineer",
    "panel_id": "default",
    "start_time": "2026-02-19T13:30:00",
    "end_time": "2026-02-19T14:00:00"
  },
  {
    "id": "INT-160",
    "student_id": "E20122",
    "company_id": "cutdry_inc",
    "job_role_id": "cutdry_inc_aiml",
    "panel_id": "default",
    "start_time": "2026-02-19T14:30:00",
    "end_time": "2026-02-19T15:00:00"
  },
  {
    "id": "INT-161",
    "student_id": "E20122",
    "company_id": "avtrasoft_lanka_pvt_ltd",
    "job_role_id": "avtrasoft_lanka_pvt_ltd_devops__support_engineer",
    "panel_id": "default",
    "start_time": "2026-02-19T13:00:00",
    "end_time": "2026-02-19T13:30:00"
  },
  {
    "id": "INT-162",
    "student_id": "E20122",
    "company_id": "rhino_partners_pte_ltd",
    "job_role_id": "rhino_partners_pte_ltd_data_science",
    "panel_id": "default",
    "start_time": "2026-02-19T16:30:00",
    "end_time": "2026-02-19T17:00:00"
  },
  {
    "id": "INT-163",
    "student_id": "E20122",
    "company_id": "thomson_reuters",
    "job_role_id": "thomson_reuters_software_engineer",
    "panel_id": "default",
    "start_time": "2026-02-19T15:00:00",
    "end_time": "2026-02-19T15:30:00"
  },
  {
    "id": "INT-164",
    "student_id": "E20148",
    "company_id": "cutdry_inc",
    "job_role_id": "cutdry_inc_aiml",
    "panel_id": "default",
    "start_time": "2026-02-19T15:00:00",
    "end_time": "2026-02-19T15:30:00"
  },
  {
    "id": "INT-165",
    "student_id": "E20148",
    "company_id": "wso2_lanka_pvt_ltd",
    "job_role_id": "wso2_lanka_pvt_ltd_digital_transformation",
    "panel_id": "default",
    "start_time": "2026-02-19T16:30:00",
    "end_time": "2026-02-19T17:00:00"
  },
  {
    "id": "INT-166",
    "student_id": "E20148",
    "company_id": "octave",
    "job_role_id": "octave_data_science",
    "panel_id": "default",
    "start_time": "2026-02-19T14:30:00",
    "end_time": "2026-02-19T15:00:00"
  },
  {
    "id": "INT-167",
    "student_id": "E20148",
    "company_id": "villvay_systems_pvt_ltd",
    "job_role_id": "villvay_systems_pvt_ltd_machine_learning",
    "panel_id": "default",
    "start_time": "2026-02-19T14:00:00",
    "end_time": "2026-02-19T14:30:00"
  },
  {
    "id": "INT-168",
    "student_id": "E20148",
    "company_id": "thomson_reuters",
    "job_role_id": "thomson_reuters_software_engineer",
    "panel_id": "default",
    "start_time": "2026-02-19T16:00:00",
    "end_time": "2026-02-19T16:30:00"
  },
  {
    "id": "INT-169",
    "student_id": "E20455",
    "company_id": "gtn_tech",
    "job_role_id": "gtn_tech_software_engineer",
    "panel_id": "default",
    "start_time": "2026-02-19T14:00:00",
    "end_time": "2026-02-19T14:30:00"
  },
  {
    "id": "INT-170",
    "student_id": "E20455",
    "company_id": "avtrasoft_lanka_pvt_ltd",
    "job_role_id": "avtrasoft_lanka_pvt_ltd_software_engineer",
    "panel_id": "default",
    "start_time": "2026-02-19T13:30:00",
    "end_time": "2026-02-19T14:00:00"
  },
  {
    "id": "INT-171",
    "student_id": "E20455",
    "company_id": "enactor",
    "job_role_id": "enactor_software_engineer",
    "panel_id": "default",
    "start_time": "2026-02-19T16:00:00",
    "end_time": "2026-02-19T16:30:00"
  },
  {
    "id": "INT-172",
    "student_id": "E20455",
    "company_id": "adeona_technologies_private_limited",
    "job_role_id": "adeona_technologies_private_limited_backend_dev",
    "panel_id": "default",
    "start_time": "2026-02-19T15:30:00",
    "end_time": "2026-02-19T16:00:00"
  },
  {
    "id": "INT-173",
    "student_id": "E20455",
    "company_id": "villvay_systems_pvt_ltd",
    "job_role_id": "villvay_systems_pvt_ltd_aiml",
    "panel_id": "default",
    "start_time": "2026-02-19T14:30:00",
    "end_time": "2026-02-19T15:00:00"
  },
  {
    "id": "INT-174",
    "student_id": "E20420",
    "company_id": "cutdry_inc",
    "job_role_id": "cutdry_inc_aiml",
    "panel_id": "default",
    "start_time": "2026-02-19T15:30:00",
    "end_time": "2026-02-19T16:00:00"
  },
  {
    "id": "INT-175",
    "student_id": "E20420",
    "company_id": "wso2_lanka_pvt_ltd",
    "job_role_id": "wso2_lanka_pvt_ltd_digital_transformation",
    "panel_id": "default",
    "start_time": "2026-02-19T13:30:00",
    "end_time": "2026-02-19T14:00:00"
  },
  {
    "id": "INT-176",
    "student_id": "E20420",
    "company_id": "octave",
    "job_role_id": "octave_aiml",
    "panel_id": "default",
    "start_time": "2026-02-19T16:30:00",
    "end_time": "2026-02-19T17:00:00"
  },
  {
    "id": "INT-177",
    "student_id": "E20420",
    "company_id": "adeona_technologies_private_limited",
    "job_role_id": "adeona_technologies_private_limited_aiml",
    "panel_id": "default",
    "start_time": "2026-02-19T16:00:00",
    "end_time": "2026-02-19T16:30:00"
  },
  {
    "id": "INT-178",
    "student_id": "E20420",
    "company_id": "villvay_systems_pvt_ltd",
    "job_role_id": "villvay_systems_pvt_ltd_ai_engineering",
    "panel_id": "default",
    "start_time": "2026-02-19T15:00:00",
    "end_time": "2026-02-19T15:30:00"
  },
  {
    "id": "INT-179",
    "student_id": "E20069",
    "company_id": "octave",
    "job_role_id": "octave_data_science",
    "panel_id": "default",
    "start_time": "2026-02-19T15:00:00",
    "end_time": "2026-02-19T15:30:00"
  },
  {
    "id": "INT-180",
    "student_id": "E20069",
    "company_id": "rhino_partners_pte_ltd",
    "job_role_id": "rhino_partners_pte_ltd_ai_engineering",
    "panel_id": "default",
    "start_time": "2026-02-19T16:00:00",
    "end_time": "2026-02-19T16:30:00"
  },
  {
    "id": "INT-181",
    "student_id": "E20069",
    "company_id": "adeona_technologies_private_limited",
    "job_role_id": "adeona_technologies_private_limited_aiml",
    "panel_id": "default",
    "start_time": "2026-02-19T16:30:00",
    "end_time": "2026-02-19T17:00:00"
  },
  {
    "id": "INT-182",
    "student_id": "E20069",
    "company_id": "villvay_systems_pvt_ltd",
    "job_role_id": "villvay_systems_pvt_ltd_machine_learning_data_engineeringai",
    "panel_id": "default",
    "start_time": "2026-02-19T15:30:00",
    "end_time": "2026-02-19T16:00:00"
  },
  {
    "id": "INT-183",
    "student_id": "E20397",
    "company_id": "sysco_labs_technologies_pvt_ltd",
    "job_role_id": "sysco_labs_technologies_pvt_ltd_software_engineer",
    "panel_id": "default",
    "start_time": "2026-02-19T14:00:00",
    "end_time": "2026-02-19T14:30:00"
  },
  {
    "id": "INT-184",
    "student_id": "E20397",
    "company_id": "octave",
    "job_role_id": "octave_machine_learning",
    "panel_id": "default",
    "start_time": "2026-02-19T15:30:00",
    "end_time": "2026-02-19T16:00:00"
  },
  {
    "id": "INT-185",
    "student_id": "E20397",
    "company_id": "gtn_tech",
    "job_role_id": "gtn_tech_software_engineer",
    "panel_id": "default",
    "start_time": "2026-02-19T16:30:00",
    "end_time": "2026-02-19T17:00:00"
  },
  {
    "id": "INT-186",
    "student_id": "E20397",
    "company_id": "avtrasoft_lanka_pvt_ltd",
    "job_role_id": "avtrasoft_lanka_pvt_ltd_software_engineer",
    "panel_id": "default",
    "start_time": "2026-02-19T15:00:00",
    "end_time": "2026-02-19T15:30:00"
  },
  {
    "id": "INT-187",
    "student_id": "E20397",
    "company_id": "villvay_systems_pvt_ltd",
    "job_role_id": "villvay_systems_pvt_ltd_machine_learning",
    "panel_id": "default",
    "start_time": "2026-02-19T16:00:00",
    "end_time": "2026-02-19T16:30:00"
  },
  {
    "id": "INT-188",
    "student_id": "E20035",
    "company_id": "avtrasoft_lanka_pvt_ltd",
    "job_role_id": "avtrasoft_lanka_pvt_ltd_software_engineer",
    "panel_id": "default",
    "start_time": "2026-02-19T14:00:00",
    "end_time": "2026-02-19T14:30:00"
  },
  {
    "id": "INT-189",
    "student_id": "E20035",
    "company_id": "adeona_technologies_private_limited",
    "job_role_id": "adeona_technologies_private_limited_mobile_app_developers",
    "panel_id": "default",
    "start_time": "2026-02-19T15:00:00",
    "end_time": "2026-02-19T15:30:00"
  },
  {
    "id": "INT-190",
    "student_id": "E20035",
    "company_id": "thomson_reuters",
    "job_role_id": "thomson_reuters_software_engineer",
    "panel_id": "default",
    "start_time": "2026-02-19T15:30:00",
    "end_time": "2026-02-19T16:00:00"
  },
  {
    "id": "INT-191",
    "student_id": "E20035",
    "company_id": "creative_software",
    "job_role_id": "creative_software_software_engineer",
    "panel_id": "default",
    "start_time": "2026-02-19T16:00:00",
    "end_time": "2026-02-19T16:30:00"
  },
  {
    "id": "INT-192",
    "student_id": "E20035",
    "company_id": "villvay_systems_pvt_ltd",
    "job_role_id": "villvay_systems_pvt_ltd_machine_learning_data_engineeringai",
    "panel_id": "default",
    "start_time": "2026-02-19T16:30:00",
    "end_time": "2026-02-19T17:00:00"
  },
  {
    "id": "INT-193",
    "student_id": "E20024",
    "company_id": "wso2_lanka_pvt_ltd",
    "job_role_id": "wso2_lanka_pvt_ltd_digital_transformation",
    "panel_id": "default",
    "start_time": "2026-02-19T14:00:00",
    "end_time": "2026-02-19T14:30:00"
  },
  {
    "id": "INT-194",
    "student_id": "E20024",
    "company_id": "gtn_tech",
    "job_role_id": "gtn_tech_platform_engineer",
    "panel_id": "default",
    "start_time": "2026-02-19T16:00:00",
    "end_time": "2026-02-19T16:30:00"
  },
  {
    "id": "INT-195",
    "student_id": "E20024",
    "company_id": "axiata_digital_labs",
    "job_role_id": "axiata_digital_labs_software_engineer",
    "panel_id": "default",
    "start_time": "2026-02-19T16:30:00",
    "end_time": "2026-02-19T17:00:00"
  },
  {
    "id": "INT-196",
    "student_id": "E20024",
    "company_id": "avtrasoft_lanka_pvt_ltd",
    "job_role_id": "avtrasoft_lanka_pvt_ltd_devops__support_engineer",
    "panel_id": "default",
    "start_time": "2026-02-19T14:30:00",
    "end_time": "2026-02-19T15:00:00"
  },
  {
    "id": "INT-197",
    "student_id": "E20024",
    "company_id": "wia_systems_inc",
    "job_role_id": "wia_systems_inc_systems_engineer",
    "panel_id": "default",
    "start_time": "2026-02-19T15:00:00",
    "end_time": "2026-02-19T15:30:00"
  },
  {
    "id": "INT-198",
    "student_id": "E20266",
    "company_id": "sysco_labs_technologies_pvt_ltd",
    "job_role_id": "sysco_labs_technologies_pvt_ltd_software_engineer",
    "panel_id": "default",
    "start_time": "2026-02-19T14:30:00",
    "end_time": "2026-02-19T15:00:00"
  },
  {
    "id": "INT-199",
    "student_id": "E20266",
    "company_id": "gtn_tech",
    "job_role_id": "gtn_tech_software_engineer",
    "panel_id": "default",
    "start_time": "2026-02-19T15:00:00",
    "end_time": "2026-02-19T15:30:00"
  },
  {
    "id": "INT-200",
    "student_id": "E20266",
    "company_id": "wso2_lanka_pvt_ltd",
    "job_role_id": "wso2_lanka_pvt_ltd_digital_transformation",
    "panel_id": "default",
    "start_time": "2026-02-19T16:00:00",
    "end_time": "2026-02-19T16:30:00"
  },
  {
    "id": "INT-201",
    "student_id": "E20266",
    "company_id": "avtrasoft_lanka_pvt_ltd",
    "job_role_id": "avtrasoft_lanka_pvt_ltd_devops__support_engineer",
    "panel_id": "default",
    "start_time": "2026-02-19T16:30:00",
    "end_time": "2026-02-19T17:00:00"
  },
  {
    "id": "INT-202",
    "student_id": "E20266",
    "company_id": "wia_systems_inc",
    "job_role_id": "wia_systems_inc_systems_engineer",
    "panel_id": "default",
    "start_time": "2026-02-19T15:30:00",
    "end_time": "2026-02-19T16:00:00"
  },
  {
    "id": "INT-203",
    "student_id": "E20279",
    "company_id": "wso2_lanka_pvt_ltd",
    "job_role_id": "wso2_lanka_pvt_ltd_software_engineer",
    "panel_id": "default",
    "start_time": "2026-02-19T14:30:00",
    "end_time": "2026-02-19T15:00:00"
  },
  {
    "id": "INT-204",
    "student_id": "E20279",
    "company_id": "sysco_labs_technologies_pvt_ltd",
    "job_role_id": "sysco_labs_technologies_pvt_ltd_software_engineer",
    "panel_id": "default",
    "start_time": "2026-02-19T15:00:00",
    "end_time": "2026-02-19T15:30:00"
  },
  {
    "id": "INT-205",
    "student_id": "E20279",
    "company_id": "avtrasoft_lanka_pvt_ltd",
    "job_role_id": "avtrasoft_lanka_pvt_ltd_software_engineer",
    "panel_id": "default",
    "start_time": "2026-02-19T15:30:00",
    "end_time": "2026-02-19T16:00:00"
  },
  {
    "id": "INT-206",
    "student_id": "E20279",
    "company_id": "enactor",
    "job_role_id": "enactor_software_engineer",
    "panel_id": "default",
    "start_time": "2026-02-19T16:30:00",
    "end_time": "2026-02-19T17:00:00"
  },
  {
    "id": "INT-207",
    "student_id": "E20279",
    "company_id": "wia_systems_inc",
    "job_role_id": "wia_systems_inc_systems_engineer",
    "panel_id": "default",
    "start_time": "2026-02-19T16:00:00",
    "end_time": "2026-02-19T16:30:00"
  },
  {
    "id": "INT-208",
    "student_id": "E20280",
    "company_id": "wso2_lanka_pvt_ltd",
    "job_role_id": "wso2_lanka_pvt_ltd_software_engineer",
    "panel_id": "default",
    "start_time": "2026-02-19T15:30:00",
    "end_time": "2026-02-19T16:00:00"
  },
  {
    "id": "INT-209",
    "student_id": "E20280",
    "company_id": "cutdry_inc",
    "job_role_id": "cutdry_inc_software_engineer",
    "panel_id": "default",
    "start_time": "2026-02-19T16:00:00",
    "end_time": "2026-02-19T16:30:00"
  },
  {
    "id": "INT-210",
    "student_id": "E20280",
    "company_id": "thomson_reuters",
    "job_role_id": "thomson_reuters_software_engineer",
    "panel_id": "default",
    "start_time": "2026-02-19T16:30:00",
    "end_time": "2026-02-19T17:00:00"
  },
  {
    "id": "INT-211",
    "student_id": "E20385",
    "company_id": "gtn_tech",
    "job_role_id": "gtn_tech_platform_engineer",
    "panel_id": "default",
    "start_time": "2026-02-19T15:30:00",
    "end_time": "2026-02-19T16:00:00"
  },
  {
    "id": "INT-212",
    "student_id": "E20385",
    "company_id": "avtrasoft_lanka_pvt_ltd",
    "job_role_id": "avtrasoft_lanka_pvt_ltd_system_adminstrator",
    "panel_id": "default",
    "start_time": "2026-02-19T16:00:00",
    "end_time": "2026-02-19T16:30:00"
  },
  {
    "id": "INT-213",
    "student_id": "E20385",
    "company_id": "wia_systems_inc",
    "job_role_id": "wia_systems_inc_systems_engineer",
    "panel_id": "default",
    "start_time": "2026-02-19T16:30:00",
    "end_time": "2026-02-19T17:00:00"
  }
]